ID,Sequence,non-T6SE,T6SE
1,MAADRDLVNFSEDHELNYCLRSAGKRQTQANRDALVDLGKQVKQVSGKRVLTQDDVRGAIQNHGDLFE,0.9933426,0.006657478
2,MIFTKIHQISIRSHAHSPYLFDSLTKSGKETQKFKVVREVESIKLTYLSSFYKILTKEAKFRRN,0.5955182,0.4044819
3,MLPLIYHSIYSRLELPEGHRYPIMKYQYLYEEVRRDVQAEWVQFFEPQALSIEAIKRVHDADYVDLLAQGNMPAAKMRRIGFPWSEALITRTLTSAAGTLLTAEKALEHGIALHLSGGYHHAHKDFGSGFCLFNDLVIAAKHMLDNEHVDKILIIDSDVHHGDGTATLCQEEPDIVTLSFHCDKNFPARKPQSDLDVPLAKGTDDETFLMTFKEVVEMALNLHRPDMVIYDAGVDIHQDDELGYFDVSTQAIFERDRFLFQLMKNRGIPVAAVVGGGYRTNHADLVPIHMQLIKAATKVFAS,0.9946286,0.0053714244
4,MLITSPKQLGIYLRDVRRNQRRNQTKVGDIVGLKQTTVSKLERDPASSSIESLMRLLSSLDLELHIQDKAVSREQAKLRDPDDW,0.9947155,0.005284456
5,MHLELHIKSGSRSGEVIRLNEVGFQLEPSSWVKENEVIELLLSVPAKFQSAILNLYDHQVPATYVDFGEDHTNFIWKPQRLKNRSIDCLFINYFGLAELAVELEDEEGSKVIKNFAPLEIFASKLNAKNVEDMLSYLATLGDEQLHSLFQTTKHGAGFKEGSTSPNGSLERLEHTIDKLSFLFQSLFSKPITKLLPEHRVLQASGEEDLDDSALGWLLDNLSVVEEVDDIDRAHFEFNDRMYKAHSVQVPVLKENSNLYENQVIHGFIVTLLNEADKQLTNYNRTGSLKSTFSEEIPEGYSSFFTQVNRFKKELLGNQITRCLRAIDRLKFLKHSLDASIPVTNYVLDRPILTQKAEAQQSYRGVFIEYINWFERSCPDWSVYQNLLAIKSIPTLFESYTYYRIGESLNSILNPTKGQKSINSLMHDIDGNEISLVREPTYWMPKNSRSNESSYINSEGKVLRKGKVTIRSSQHKYSHRCPDIVIEVRNENKPSKLIVLDAKYTYPTLAFSKYLPECTMKYVHGIHNRSNKNSLVCSMTIIHPMGDAERSFQSFHTFDYSIEGSMPVSPSLQTLGLQLSFSQDADCLRETLKLLLKQAGVAIPENLQLPLFIS,0.20520745,0.7947926
6,MQEKKALNKLIVIKSAQLNENQGFVTPILSISDNEEFAPVSRHDYPQDILVSRGYPDIDVNYESGELFILKSHNLDEEKTQQSGSPRYWARDESAFSDLTPSTLLPIVSVPLPSKENGILPAGVTPPSRPFFILDDAHLFGPLTSSQTEDDRYIVEPYVHPSLSFGRGYIGRFPISDITNCLVETRVNDESCLYVSSFKQLSSHRNDKTSIDYVSDDQLIKVVNQLGFGKQTKGLGKKEAERLQQIIADSEKANKFGKHDERLERLKGLLDRYLSEADIGFELVKNYLDSSSGQSFLNKYVEINKSTLLSDFIDKVKADAKAEEKKIQQKLQEQKAQIAAKEQEITQIIENVALKRREAQDEIKRIAAETEDEVRQTLKLKQQELSENIAALEDEQNSLEKQIIDKVQHLELVNEIEKLKEECNYYEKHSKRLESTVKGFEATLKNNDTEELAKKIGEMEAINRVLSGKSASVSKPAQRYSPVKFCESEPDSAEQVVDAIYAHFAQDNGRMFSKEEMTNLIVSVNQSFLTILSGPPGTGKTSTATRLAKALHLGSSRGDQNFLYVPVGRGWVSSRDTLGFYNSLKDVYQESRTGLYSFLSRKESKDSDALKLILLDEANLSSMEHYWSDFLALCDLENLNRPIDTGIPHESLRFLKVGDSTRFIATINNDATTEKLSPRLIDRVPVITLDSPTDKILDTTSLVLDGSVRASKLRELFVPEYAELSKADESILAKIIDTLGTRDPAFGKAIPISRRKVNAITNYCDVAGQMIGSEAAMDFAIQQHILPHIEGYGVSFRKRLEQLLTIVNKTYPRSAAEIERILASGNEFTGSYSYF,0.9162003,0.0837997
7,MMLSMTHQVDTKVCYSYHYRLLIKLNNMDIQTALERLHKFDRQRIYVYTKRNLRRVFFDDSEEAFKQSLSRLIKFGVLERACRGVYVFALSRNKGGYTIEYVAKSLRRGEYNYISLESALSEYGVISQIPIDRLTVMTTGRKGVFKTPYGAIEFTHTERNDIDILNNTILYDRPLRIATESAAIRDLKRVGRNTHMLCNEFD,0.9946631,0.005336871
8,MVNSMARPKTYTDEDLIQVANELISRGKKPSGWRIREYLQRGKSSSIQADLERLIADGRIPEAQNDIPSATTQVRTSYELPAEIQELLDRKEYDISTSLRDIVIAMNDSIHTHFESITYTRIREAEAISQHAIKQKEQSEGEALDIEQTLQRATDANDQLEEKIEALQSEVVESQIEKSELLKNISQLTSSLNQTNDRLENQQDTICGLQASLSKVEKMNSALTVQLEHALNDAKKLESQLTELSERYESTCIKLTESSSKLQSMTEALDNSEHKLSTVQDEYTDLSVNYRILESKLHESQSNISELKLANHELEKQLTYFLEETDSICDAVDDSSSGH,0.9945696,0.0054303724
9,MRTIRLFHRRMNYSSTTESRVKCEHSLAHSLRIDPPTNAKISKKLEFNEELSQHNFIWINNHISPLESWTETERLELLYKIVPEPRVHNQLKLQTQQRQYRRKMKNAIDSEIKSGNTDAAKFLQSILEADGHVSYSSIQKFSLLTMQRKKQRLKMLETYLNAHNQLQHRAPTNNIFIQEGIFKIPHRWEVSSDLVSASDYIEFTRLFLGHYFSDYEIKTIICHDDERDKNQNTGCHTHYFLSALNQKTYKFDLHKRQIQVVSEYIEKVTGVKDFFPSDSKLTREETQDFGHYFQRMVQDFANEHLCRSKGLLVEFSSETERRTKQRKEMDQQAKLPKSQRKNNLNNYLLKRQAIQRKELASDIEAGRSELDDIKTQVAISTGENEMINELKRQNSRDISAEKKEIVQLRAEKHALEKLVQSLKDDIIRPLSKFCQSVFLGLKAKESGQARMVESFLDNAMRDMLNLPPNMQVKAKVLLESVELRKSNFERNKTDEKSENDTFER,0.99142754,0.008572468
10,MKTITTTKSPTVKDYIDAYLIERKYCAAPSTLASDLSRAKNINEALGEFPINAVSHTQINMLLVSWHERFRNKTINEHLTILRRISLKAVRDGVIARNPMTGVQNFKTVDPEPNPFTKKELARMHECKNVCTQGQNAVMLNLLTGLRISELIALSWQDINWEREVLYVRRACVLNIYKCPKTKGSVREVDLNPLALKLLKEQLKLTGKRRPQTINILECDNKTFTKDSVSFIFLNTKTNQPFTDAKEFTERFFIKFLEQAGVAHRGVGQLRHTFASQCLTTGISKDWLAVQMGHKSTTMIDKHYGRWIREDSPNYAREAAQHLQDIFGLPQIKPTVTLPAVPHSSLVLLKKLQSKPQLIQLLEGMLESDR,0.99417144,0.0058285575
11,MSRYFSFRFNKKANSSKQTLVLFCHFDIDASSMIKEIKEDVMLNLVPSDVVVLGYDLTEEFKTKIIENALFVSEFESFIGNISEKLDFLSISEDGSIHEIGKSEEVQFKKEMLTTGANHIFKSRKGLITSSPSYHFEKPSGDHCDKFIRASNLFTSGVEVAFLAISLLPYLSKNISRIYVDTSSISFLVSIAIQLSKQFKKKQPIIESFESYSVFEQPYGFVTSPDSLVIISATTSGGLTNTLLKDTAFSQENILTLFYSNIPSEQKGLFNISDVVDQGIISVPQEHCKFCQQGSKVIRIEGEQFLPETPKHELLVIKKVDFDLKRQNFFREFAVKGLLKFDTSPNEDWEKEHFYIDINKLLISSAESFKKSIKKKLNKHFSRDVKTVISLDDDGSLALAKEIKNQINDNSIDWVKFSEINEEELKDRSSIFVVAGAITSGRKLLATARKLRGISNLATITYFVGFSKLPSQAAFEQLEKDLCLGGFELVVLRSCSLPRFNESHKSVWDIEKEYLSAFSDTDDPLSDVDHHDPLPNLLAERTNILDAVSPNDLFLTSANGESLKLRETFAFWAGLGLDTQESSQADVYWTIQAILHDLRSKSDNGLATTYHSTLISPVCFDRFNDGVIQACLLRAARPIELNYGVDEIYSRQMTDIIVSVLQNWDNPQGEASLEFLFALWCGQLKLLNTHLKEIVNLELEGVSNDIKFLLKRLDNQINLID,0.9943415,0.005658513
12,MITLPASLNIEKIEDVISKICEGQSNPELELPISSKGFAFGGYAAAIQAVNTWASNNEKRELIVKPSSLEVEEQLEHIVKYPHKFTAAMMAKKVSLNFDQKMDVRKKVNSLAKAAIEQQSTHSYGQNHGRLCWYSFVDHSSKGFDRNFYLSSTTQHAVPQSLEQITNIISSMVRKSSIVAGGSELLGKEDANELGRLFYELFVNTHEHGSRGKNRNIWLKPATRVIYTYGINLSDDAVANSISNNEVLQDYLSALGKTSRSTNRFIEISIIDAGLGYSGRWLADNPKDGSFEQLTISNEYEILKKCFKFRSTSSNNLVKGNGLPAVMANLTLLNGFMRVRSNRLSLYRDFVNQPFIEQENDSYEFMDWDSRQKCNNNITQKANAAGVSITILIPLVDKTELEGNSL,0.99284863,0.0071514077
13,MEDIHEQLGVSKSYLNDTFAMIRIAKDGEVWVQYSDKLDIPTGIKAVRIAAEVLKIIATESTNYN,0.9938368,0.006163133
14,MRKLANFELKAILESIEHADFTNNYDFFNLLSCGISIEQIRAVYRLRSALQRDSSKTIFDYPSFLAQIYSNVDSFYSVKQALGYEVDTQEIEREDKLIFLMQFLAENKMQLSIDRRNTPYSIAINLG,0.9941578,0.0058421646
15,MYLIKLSNNVFYTRISTPAILQTSLGYPREIRLSLFTKYRRLATKRNAQLASAIHTLHEQALAENIPYTDFKISLSTKVAEIRQQFCSNLPHVDNPQSKCTSMSIKTRAMPAPAPAPAPAPAPEESVNSLLIGAQELTTELNNFIRSKRLEQVTPLTLTQLNQRCTNFLSYLAKQENCLSAKAANTYRDHLIEKGLSAKTVKEYIAANKQFFDYCERIELIEKNVFKAIKAPKSRVAKASQQRDRWQLKELKKLFSSSEYRKKDVQFNWTTKIQLYHGCRPSEVCQLTTSDIQIIEGVPCITISDSEAEQRLKTSNALRIVPLHNQLINEGFLEYVQGRREQKQKQLFDYKPHGDNKDWSFRYRTNLGKLQTAIGMKPNARPTAYSFRHTFIDELKIANTPEHIVAEIVGHAHPNITFGRYGKQANIQQLNEAVNKFPSVEVKYA,0.9936592,0.0063407565
16,MVDSGNSYGERVSRLVGWGHWFAFFNIVASMLIGTRYIVQSPWPETLLGQFYLAVSWVGHFGFLVFALYLLVLFPLTFVLPSRKLFRLVAVIFATVGQTILLIDTQAYQSINLHLTPVVWELLFSDDKSALSSDLQHLFVVMPLIFLVQLALSEWVWRKQRKLSHKHVGRPLAAVFFLSFMTSHLVYIWADAYFYNPITSQRSNFPLSYPMTAKSFMEKHGLLDREEYLKRLAENENNVELVNYPLEKLEFNRRVNKLNVLMISVNNLRADALNQEEMPNLYEFAQQNQNFRKHYSSSNDTYGAFGLFYGLPTSYASSIKAQGASPVLLDVLKDQGYTFGLFSGSGFEDDLYSEIVFRGVNLAEKLDGTQAHTDKQSIADWNMWLTEKANQPWFSYIEVTTVDNFESIPSNSKEDMSASERFKNAYEFAVKSADDKVGGIIKTLEDAQLLANTVVIVTSNHGSEFNETNTNSWGANSNYSRYQLQVPMVIHWPGMMAGEFNHSTSHLDLSVTLLQDMLGVSSNPYDYSSGRNLFDESRRRWILAGDTRELALITNNQTTVIDKFGNYKLYDENYKRMRDETPKLPVLMQGLTELQRFYSKSE,0.99449843,0.0055016484
17,MPITSKYTDEQVEKILAEVALVLEKHAASPELTLMIAGNIATNVLNQRVAASQRKLIAEKFAQALMSSLETPKTH,0.9943356,0.0056643807
18,MSLHLSNVILHQLCKNDQDELVVKLRPASLENDASTENLVAELHRVFHSKAGKGFGSFQSDSEFQFWLQEMRKGERDFYDFSQISANRLKEELIKYPFADEGILVFAEYQSLATDYLFIGILPMNQSLKVTEGLDISATDYLDITKMDIAARIDLSSYETDKESNRYLQYIKGRVGRKVADFFLDFLQADIGLDTKQQNLVLMQAVDDFCADSKLEKQEVNEYKKQVYNYCNEQIKSGEEVQISELSGELPPSQDGTSFMDFTKEQGYELEESFPGDRSTVRKLTKYVGAGGGLNISFDSLLLGERIFYDPETDTLTIKGTPPNLKDQLSRN,0.47876585,0.5212342
19,MHQLRAGIKRIIWFLFILWCVFSATLWFQAKQTMQTLSTLNELGSKVEEVRNFFNFELPYRVKHVDQVSLKLQLVYAVRLQLESEVSDANGPDVTQLLYSTDRFLESARAFIGSDGELVSLAEQLHTSRGAENNSQQIENMYYRLGALVLESIFSDSNTNTDTYRELDLLFIESDSLSTGERSAFQRRLAQTSSVLAANAQGSYLANQLLKPDFPNQLVSMKATLEQKLVSFIFWLIVVSGCLLALVSWAVFSKNAVANSSSSEPAVSQTENASSSLEHENKARELASDAQANKTQELAPDSRQESLAPQEPFIDINRMLDSLSGDEGAVRMLLEVFIQDHAEDGSKLHKLLNEDIDNAQRAAHSLKGVSGSLGAMPLHYISGEIELLIKQGKEVPDNKLCQLRDVLQQTTLFAEKVLNSEKIREVLTD,0.99457705,0.005422989
20,MSIRRISSLMVLWLVTTLSGCSLLEVKIDSQTVPLTKQELNMRILTREYALQFFAQVEQAADVLQEQYDPNDKVNQSYVLLWKINAEEGLQAAAYQVSPMAALIDTWVFTHQMNQFYTTGAGRDIFATDEAKQVSAHLANEVDQLAQSLLKKEVYDKTKLFVADFVRQYPFADLSMIRTPAYRAWLEANQISEEDAVTTLGTMPEALGDVSDRLSLVSEQTPKIMTWKAQLLALNSSASIEKVNAALNSLQVTADSMRDFIDNNPEYMRYLAEQMAVELQPLVDDIDQKTEARLSQLGEERQALEEMVARERQEIALIITHEREKFAQDMDRVSQEVVNLAMTKLIELVKSTIVYFILFIAAIFFAPLGLGYVLGKRAVVKTKVKQS,0.9945931,0.0054069157
